"","unique(gbs_pca$Genotype)"
"1","ABR12"
"2","ABR14"
"3","ABR2"
"4","ABR3"
"5","ABR4"
"6","ABR5"
"7","ABR6"
"8","ABR7"
"9","ABR9"
"10","Adi-13"
"11","Adi-14"
"12","Adi-15"
"13","Adi-17"
"14","Adi-18"
"15","Adi-1"
"16","Adi-2"
"17","Adi-3"
"18","Adi-4"
"19","Adi-5"
"20","Adi-7"
"21","Adi-8"
"22","Adi-9"
"23","Arc1"
"24","Ban2"
"25","Bar2"
"26","Bd1-1"
"27","Bd21-0"
"28","Bd21-3"
"29","BdTR10A"
"30","BdTR10B"
"31","BdTR10C"
"32","BdTR10D"
"33","BdTR10E"
"34","BdTR10F"
"35","BdTR10H"
"36","BdTR10I"
"37","BdTR10J"
"38","BdTR10K"
"39","BdTR10M"
"40","BdTR11A"
"41","BdTR11B"
"42","BdTR11C"
"43","BdTR11D"
"44","BdTR11E"
"45","BdTR11F"
"46","BdTR11G"
"47","BdTR11H"
"48","BdTR11I"
"49","BdTR12A"
"50","BdTR12B"
"51","BdTR13A"
"52","BdTR13B"
"53","BdTR13C"
"54","BdTR13D"
"55","BdTR13E"
"56","BdTR13F"
"57","BdTR13G"
"58","BdTR13H"
"59","BdTR13J"
"60","BdTR13K"
"61","BdTR13M"
"62","BdTR13N"
"63","BdTR13O"
"64","BdTR1A"
"65","BdTR1B"
"66","BdTR1C"
"67","BdTR1D"
"68","BdTR1E"
"69","BdTR1G"
"70","BdTR1I"
"71","BdTR1J"
"72","BdTR1K"
"73","BdTR1M"
"74","BdTR1N"
"75","BdTR2B"
"76","BdTR2C"
"77","BdTR2D"
"78","BdTR2E"
"79","BdTR2F"
"80","BdTR2G"
"81","BdTR2H"
"82","BdTR2I"
"83","BdTR2J"
"84","BdTR2K"
"85","BdTR2M"
"86","BdTR2N"
"87","BdTR2O"
"88","BdTR2P"
"89","BdTR2R"
"90","BdTR2S"
"91","BdTR3A"
"92","BdTR3B"
"93","BdTR3F"
"94","BdTR3H"
"95","BdTR3I"
"96","BdTR3M"
"97","BdTR3N"
"98","BdTR3O"
"99","BdTR3P"
"100","BdTR3R"
"101","BdTR3S"
"102","BdTR3T"
"103","BdTR5A"
"104","BdTR5B"
"105","BdTR5E"
"106","BdTR5G"
"107","BdTR5H"
"108","BdTR5I"
"109","BdTR5J"
"110","BdTR5K"
"111","BdTR5M"
"112","BdTR5N"
"113","BdTR5O"
"114","BdTR8A"
"115","BdTR8M"
"116","BdTR8N"
"117","BdTR9A"
"118","BdTR9E"
"119","BdTR9G"
"120","BdTR9H"
"121","BdTR9I"
"122","BdTR9K"
"123","Bis-1"
"124","Fon2"
"125","Gaz-2"
"126","Gaz-3"
"127","Gaz-4"
"128","Gaz-5"
"129","Gaz-7"
"130","Gaz-8"
"131","Jer1"
"132","Kah-2"
"133","Kah-3"
"134","Kah-6"
"135","Koz-2"
"136","Koz-3"
"137","Luc1"
"138","Mon1"
"139","Mon3"
"140","Per1"
"141","Sig2"
"142","Tek-4"
"143","Tek-5"
"144","Yas3"
